Date,Close,High,Low,Open,Volume
2022-01-03,100.80000305175781,100.80000305175781,95.8499984741211,95.94999694824219,1433841
2022-01-04,97.5,102.80000305175781,96.80000305175781,102.0,1627872
2022-01-05,97.05000305175781,99.5,96.05000305175781,97.9000015258789,907997
2022-01-06,100.1500015258789,101.69999694824219,94.5,96.44999694824219,1796340
2022-01-07,98.55000305175781,102.30000305175781,98.05000305175781,101.55000305175781,1091828
2022-01-10,103.44999694824219,103.44999694824219,95.0999984741211,98.55000305175781,4419483
2022-01-11,98.4000015258789,107.5,98.30000305175781,105.0999984741211,4924424
2022-01-12,96.4000015258789,99.75,94.4000015258789,98.19999694824219,2552372
2022-01-13,99.05000305175781,100.0,95.0,97.80000305175781,1628860
2022-01-14,102.75,104.0,97.4000015258789,98.69999694824219,3291223
2022-01-17,105.55000305175781,107.80000305175781,102.75,103.6500015258789,3772409
2022-01-18,101.94999694824219,107.5,101.5,106.9000015258789,1845994
2022-01-19,99.75,102.94999694824219,98.80000305175781,102.4000015258789,1381285
2022-01-20,101.55000305175781,102.5,99.0,99.0,1531294
2022-01-21,98.25,102.0,97.19999694824219,100.0,1446661
2022-01-24,93.55000305175781,98.75,93.3499984741211,98.0,2332253
2022-01-25,98.05000305175781,98.19999694824219,91.4000015258789,92.5999984741211,2213795
2022-01-27,97.80000305175781,100.5,96.05000305175781,97.0,1565476
2022-01-28,102.30000305175781,102.6500015258789,98.6500015258789,98.6500015258789,3224151
2022-01-31,101.05000305175781,104.0,99.80000305175781,103.30000305175781,2102086
2022-02-01,106.0999984741211,106.0999984741211,101.55000305175781,103.0,2850166
2022-02-02,110.0999984741211,111.4000015258789,104.69999694824219,108.69999694824219,5451390
2022-02-03,115.5999984741211,115.5999984741211,111.0,111.05000305175781,1737907
2022-02-04,121.3499984741211,121.3499984741211,118.55000305175781,119.5999984741211,1577705
2022-02-07,133.4499969482422,133.4499969482422,123.0,128.0,9134933
2022-02-08,134.4499969482422,143.8000030517578,126.5999984741211,140.0,12445385
2022-02-09,147.85000610351562,147.85000610351562,133.0,138.6999969482422,11459699
2022-02-10,133.10000610351562,150.0,133.10000610351562,149.39999389648438,6161277
2022-02-11,134.0,141.0,127.5,128.5,4806656
2022-02-14,120.5999984741211,120.5999984741211,120.5999984741211,120.5999984741211,974557
2022-02-15,111.8499984741211,119.0,108.55000305175781,111.0999984741211,13727792
2022-02-16,122.5999984741211,123.0,114.30000305175781,114.5,7114241
2022-02-17,113.3499984741211,127.69999694824219,111.80000305175781,123.0,5168249
2022-02-18,120.0999984741211,122.6500015258789,113.8499984741211,114.8499984741211,3668594
2022-02-21,112.69999694824219,123.75,111.1500015258789,120.5,3716304
2022-02-22,114.3499984741211,116.75,108.44999694824219,111.0,4010678
2022-02-23,113.25,119.69999694824219,112.30000305175781,116.30000305175781,2337557
2022-02-24,101.94999694824219,108.5,101.94999694824219,108.5,3202409
2022-02-25,104.5999984741211,110.0,103.0,104.0,4213193
2022-02-28,104.5999984741211,106.5999984741211,101.1500015258789,102.0,2635673
2022-03-02,107.5999984741211,110.80000305175781,101.5,101.5,2483054
2022-03-03,106.4000015258789,110.94999694824219,105.0999984741211,110.0,1536356
2022-03-04,103.5,107.0999984741211,102.6500015258789,105.0,1715481
2022-03-07,99.5999984741211,102.69999694824219,97.0,101.80000305175781,2606599
2022-03-08,101.75,103.80000305175781,98.80000305175781,99.0,2501039
2022-03-09,107.5,109.69999694824219,102.30000305175781,103.0,2069832
2022-03-10,111.4000015258789,112.9000015258789,107.80000305175781,111.8499984741211,3081502
2022-03-11,122.5,122.5,115.0,116.9000015258789,3796368
2022-03-14,117.25,128.6999969482422,116.5,127.5,4130176
2022-03-15,115.55000305175781,120.4000015258789,112.80000305175781,118.4000015258789,2071446
2022-03-16,118.94999694824219,119.80000305175781,116.05000305175781,118.05000305175781,1612516
2022-03-17,116.80000305175781,121.5,115.6500015258789,120.0,1977893
2022-03-21,115.4000015258789,118.44999694824219,115.0,118.19999694824219,1543608
2022-03-22,113.1500015258789,116.8499984741211,112.0999984741211,114.0999984741211,1655799
2022-03-23,111.80000305175781,115.69999694824219,110.0999984741211,114.44999694824219,2309731
2022-03-24,109.69999694824219,114.25,108.9000015258789,111.9000015258789,3085013
2022-03-25,109.19999694824219,114.5,108.0999984741211,111.69999694824219,2401003
2022-03-28,100.69999694824219,106.75,99.1500015258789,101.3499984741211,5243142
2022-03-29,110.75,110.75,102.0,102.05000305175781,7061792
2022-03-30,114.80000305175781,119.9000015258789,111.69999694824219,113.0,3890593
2022-03-31,112.30000305175781,118.0,110.30000305175781,116.25,2453312
2022-04-01,122.6500015258789,123.5,112.30000305175781,112.69999694824219,3762082
2022-04-04,124.69999694824219,128.5,119.5,123.9000015258789,5791150
2022-04-05,132.14999389648438,134.9499969482422,123.8499984741211,125.9000015258789,6925281
2022-04-06,136.14999389648438,139.10000610351562,130.14999389648438,132.0,5622619
2022-04-07,125.1500015258789,138.60000610351562,124.0,136.5,5345931
2022-04-08,126.75,131.5,126.0,126.0,2973963
2022-04-11,125.8499984741211,130.4499969482422,125.0999984741211,126.9000015258789,1562737
2022-04-12,122.94999694824219,126.4000015258789,121.0,125.0,1977091
2022-04-13,123.4000015258789,127.0,122.25,123.5999984741211,1648115
2022-04-18,119.55000305175781,123.5,117.6500015258789,123.0,1205758
2022-04-19,123.5999984741211,131.5,120.4000015258789,120.5,4873123
2022-04-20,125.75,128.60000610351562,123.30000305175781,126.0,2758694
2022-04-21,130.3000030517578,134.0,124.3499984741211,127.44999694824219,4247086
2022-04-22,128.89999389648438,132.6999969482422,127.05000305175781,128.0,2450467
2022-04-25,123.25,128.4499969482422,121.69999694824219,127.0,1826560
2022-04-26,121.19999694824219,126.80000305175781,118.19999694824219,125.9000015258789,1789524
2022-04-27,123.0,124.69999694824219,118.5,120.0,2640030
2022-04-28,120.5999984741211,125.8499984741211,120.0,123.0,1451387
2022-04-29,123.55000305175781,126.5,119.0,122.19999694824219,2745695
2022-05-02,124.25,127.0,122.05000305175781,124.0,1530403
2022-05-04,116.0999984741211,126.3499984741211,112.94999694824219,125.0,2206418
2022-05-05,115.0999984741211,122.25,114.25,118.0,2590263
2022-05-06,111.30000305175781,113.0,110.0,112.94999694824219,1723960
2022-05-09,112.30000305175781,115.0,105.0,111.44999694824219,2003478
2022-05-10,108.19999694824219,116.0,106.0,113.30000305175781,1651090
2022-05-11,101.0,112.19999694824219,99.0,109.94999694824219,2965443
2022-05-12,100.9000015258789,107.80000305175781,96.4000015258789,102.0,3026642
2022-05-13,102.05000305175781,107.0,101.0,104.55000305175781,2307109
2022-05-16,98.30000305175781,101.0,96.05000305175781,98.0,2292453
2022-05-17,107.05000305175781,108.0999984741211,99.19999694824219,99.9000015258789,3028015
2022-05-18,104.0999984741211,109.5,103.25,107.4000015258789,1700333
2022-05-19,102.0999984741211,103.0999984741211,99.05000305175781,99.05000305175781,1583447
2022-05-20,104.0,106.69999694824219,103.0999984741211,105.0,1502352
2022-05-23,101.69999694824219,105.3499984741211,100.6500015258789,105.3499984741211,906988
2022-05-24,100.9000015258789,102.8499984741211,100.4000015258789,102.5,959803
2022-05-25,100.6500015258789,102.5999984741211,99.0,102.05000305175781,1441851
2022-05-26,100.3499984741211,101.9000015258789,94.4000015258789,101.44999694824219,1414181
2022-05-27,99.8499984741211,102.30000305175781,99.0,101.5999984741211,1102767
2022-05-30,102.55000305175781,104.4000015258789,100.25,100.8499984741211,1058373
2022-05-31,107.94999694824219,109.80000305175781,101.5999984741211,102.0,3287580
2022-06-01,108.05000305175781,111.19999694824219,107.0999984741211,110.0,2016533
2022-06-02,109.30000305175781,111.30000305175781,107.80000305175781,107.94999694824219,1500661
2022-06-03,106.5999984741211,111.05000305175781,105.19999694824219,111.05000305175781,1451504
2022-06-06,105.1500015258789,107.80000305175781,104.0,107.75,1003963
2022-06-07,105.5,108.94999694824219,104.0,105.19999694824219,1798891
2022-06-08,104.8499984741211,109.5,104.0999984741211,106.19999694824219,4502450
2022-06-09,104.44999694824219,106.4000015258789,103.19999694824219,104.94999694824219,1127229
2022-06-10,103.5999984741211,105.69999694824219,102.75,103.5,1521191
2022-06-13,96.94999694824219,101.5999984741211,95.75,100.9000015258789,2245759
2022-06-14,95.75,101.4000015258789,95.1500015258789,97.0,2326227
2022-06-15,95.5,99.0999984741211,95.0,97.8499984741211,2204517
2022-06-16,95.4000015258789,98.9000015258789,94.19999694824219,97.0,3442148
2022-06-17,95.5999984741211,97.44999694824219,94.55000305175781,95.55000305175781,1726018
2022-06-20,90.6500015258789,96.6500015258789,80.80000305175781,95.80000305175781,2742924
2022-06-21,94.5,94.9000015258789,89.5,91.9000015258789,1730628
2022-06-22,91.19999694824219,95.0,90.5,93.9000015258789,1207988
2022-06-23,90.30000305175781,93.75,89.19999694824219,92.0,1441018
2022-06-24,90.69999694824219,92.5,90.44999694824219,91.5,1128854
2022-06-27,93.0999984741211,95.0,91.6500015258789,92.0,1491409
2022-06-28,92.19999694824219,93.25,91.5999984741211,92.75,852555
2022-06-29,92.0999984741211,94.8499984741211,91.0999984741211,91.5,1126742
2022-06-30,90.5999984741211,93.4000015258789,90.4000015258789,92.25,715388
2022-07-01,91.0999984741211,91.8499984741211,88.25,90.5999984741211,1181457
2022-07-04,94.5,94.9000015258789,91.0999984741211,92.1500015258789,1053289
2022-07-05,93.1500015258789,95.94999694824219,92.5999984741211,95.0,839571
2022-07-06,91.75,93.4000015258789,91.30000305175781,93.19999694824219,533623
2022-07-07,94.9000015258789,95.9000015258789,91.9000015258789,92.9000015258789,1532604
2022-07-08,94.80000305175781,95.8499984741211,93.5,95.69999694824219,1359425
2022-07-11,101.3499984741211,102.80000305175781,94.19999694824219,95.0,3016948
2022-07-12,102.5999984741211,105.5,100.05000305175781,100.69999694824219,2250661
2022-07-13,101.6500015258789,103.8499984741211,101.0,103.30000305175781,1368205
2022-07-14,100.4000015258789,102.80000305175781,99.5,102.80000305175781,863781
2022-07-15,99.44999694824219,101.1500015258789,98.80000305175781,100.3499984741211,773178
2022-07-18,102.25,103.0,101.0,101.0999984741211,1143654
2022-07-19,102.30000305175781,104.5999984741211,100.69999694824219,101.75,1976618
2022-07-20,104.4000015258789,106.0,102.80000305175781,103.5999984741211,1912288
2022-07-21,105.80000305175781,107.0,103.80000305175781,104.6500015258789,1898268
2022-07-22,104.5,107.0,103.6500015258789,106.4000015258789,1214901
2022-07-25,104.25,104.94999694824219,103.5,104.5,913594
2022-07-26,113.9000015258789,121.80000305175781,104.0,104.25,13612880
2022-07-27,115.8499984741211,119.9000015258789,114.5,115.19999694824219,4304471
2022-07-28,114.25,117.69999694824219,113.5,117.5,1524371
2022-07-29,117.0999984741211,119.0,110.69999694824219,114.5,3149449
2022-08-01,123.25,124.5999984741211,115.80000305175781,117.25,4578316
2022-08-02,128.6999969482422,131.4499969482422,122.19999694824219,122.9000015258789,6262606
2022-08-03,125.05000305175781,129.89999389648438,124.1500015258789,128.85000610351562,3060840
2022-08-04,121.3499984741211,126.6500015258789,116.19999694824219,125.9000015258789,2986432
2022-08-05,120.0,124.0,119.05000305175781,122.0,1735286
2022-08-08,115.8499984741211,120.8499984741211,114.4000015258789,120.8499984741211,2696800
2022-08-10,117.55000305175781,119.80000305175781,114.5,116.5,2831997
2022-08-11,115.3499984741211,118.69999694824219,114.5,118.25,1633029
2022-08-12,115.1500015258789,118.19999694824219,114.5999984741211,115.5,1748744
2022-08-16,116.55000305175781,118.30000305175781,115.9000015258789,116.4000015258789,1566813
2022-08-17,121.80000305175781,123.44999694824219,116.3499984741211,117.0999984741211,3660974
2022-08-18,129.89999389648438,133.60000610351562,122.05000305175781,122.55000305175781,8977810
2022-08-19,135.60000610351562,138.60000610351562,130.1999969482422,130.89999389648438,10438601
2022-08-22,140.6999969482422,146.4499969482422,134.8000030517578,135.0,14000220
2022-08-23,138.6999969482422,144.3000030517578,135.5500030517578,140.39999389648438,6314648
2022-08-24,139.6999969482422,144.4499969482422,134.6999969482422,135.0,6962857
2022-08-25,139.75,143.25,138.3000030517578,141.5,3058022
2022-08-26,157.35000610351562,164.39999389648438,141.0500030517578,141.4499969482422,28998409
2022-08-29,158.75,168.60000610351562,151.64999389648438,152.8000030517578,19840947
2022-08-30,162.0,164.9499969482422,158.10000610351562,160.9499969482422,7921506
2022-09-01,193.85000610351562,194.39999389648438,160.39999389648438,161.0,39082903
2022-09-02,179.14999389648438,201.35000610351562,176.35000610351562,196.85000610351562,28620266
2022-09-05,182.6999969482422,193.8000030517578,175.0,180.1999969482422,20711878
2022-09-06,178.75,186.39999389648438,176.39999389648438,184.35000610351562,6702588
2022-09-07,180.6999969482422,187.35000610351562,177.6999969482422,178.0500030517578,6178203
2022-09-08,180.3000030517578,186.5,179.3000030517578,182.6999969482422,4685796
2022-09-09,162.4499969482422,181.0,162.3000030517578,180.0,9760444
2022-09-12,174.1999969482422,178.0,165.3000030517578,167.0,8493051
2022-09-13,165.5,173.0,165.5,172.89999389648438,1400994
2022-09-14,157.4499969482422,166.0,157.25,157.60000610351562,1828419
2022-09-15,154.4499969482422,161.3000030517578,150.3000030517578,158.0,1738927
2022-09-16,156.35000610351562,159.8000030517578,152.5,154.0,1491326
2022-09-19,151.8000030517578,159.0500030517578,150.0,158.0,955459
2022-09-20,154.4499969482422,157.6999969482422,151.5,153.5,817925
2022-09-21,146.75,155.0,146.75,154.4499969482422,1199185
2022-09-22,146.14999389648438,152.10000610351562,141.5,145.0500030517578,998648
2022-09-23,144.14999389648438,147.39999389648438,142.64999389648438,146.14999389648438,686328
2022-09-26,137.1999969482422,144.14999389648438,136.9499969482422,143.0,954421
2022-09-27,138.35000610351562,142.0,136.0,138.9499969482422,489737
2022-09-28,136.35000610351562,143.0,135.3000030517578,137.5,673612
2022-09-29,137.64999389648438,141.39999389648438,136.0,139.5,460435
2022-09-30,136.6999969482422,140.0,134.0,137.0,672171
2022-10-03,135.4499969482422,139.89999389648438,135.0,137.5,646760
2022-10-04,137.5500030517578,139.8000030517578,136.10000610351562,138.0,423867
2022-10-06,144.39999389648438,144.39999389648438,136.60000610351562,138.0,708226
2022-10-07,151.60000610351562,151.60000610351562,146.8000030517578,149.60000610351562,787010
2022-10-10,157.6999969482422,159.14999389648438,155.0,156.0,1684482
2022-10-11,149.85000610351562,155.75,149.85000610351562,154.35000610351562,907921
2022-10-12,142.6999969482422,147.0,142.39999389648438,146.0,922602
2022-10-13,142.35000610351562,145.3000030517578,140.14999389648438,143.0500030517578,536787
2022-10-14,138.85000610351562,145.6999969482422,138.25,144.89999389648438,686736
2022-10-17,138.6999969482422,143.5,135.75,139.1999969482422,1033973
2022-10-18,143.6999969482422,145.60000610351562,140.0,140.39999389648438,1125584
2022-10-19,141.35000610351562,143.89999389648438,138.0,143.0500030517578,821540
2022-10-20,139.10000610351562,142.5,138.6999969482422,142.5,319174
2022-10-21,139.14999389648438,144.0,137.75,140.0,618415
2022-10-24,139.14999389648438,139.14999389648438,139.14999389648438,139.14999389648438,0
2022-10-25,141.60000610351562,143.0,139.0,143.0,426227
2022-10-27,141.85000610351562,142.89999389648438,139.10000610351562,142.39999389648438,524257
2022-10-28,141.89999389648438,144.0,140.5,142.0,455801
2022-10-31,141.4499969482422,144.0,138.3000030517578,143.8000030517578,531686
2022-11-01,140.64999389648438,143.0,138.10000610351562,140.25,288236
2022-11-02,140.5500030517578,142.0,139.0,142.0,258410
2022-11-03,140.14999389648438,142.3000030517578,139.1999969482422,140.0500030517578,198576
2022-11-04,147.14999389648438,147.14999389648438,139.0,139.1999969482422,757938
2022-11-07,152.9499969482422,153.89999389648438,145.10000610351562,147.8000030517578,1085314
2022-11-09,146.64999389648438,154.9499969482422,145.64999389648438,154.89999389648438,704574
2022-11-10,142.85000610351562,148.39999389648438,141.5,146.9499969482422,467484
2022-11-11,146.1999969482422,148.8000030517578,142.85000610351562,144.39999389648438,602577
2022-11-14,153.39999389648438,153.5,145.0,149.25,1284679
2022-11-15,151.35000610351562,156.6999969482422,150.64999389648438,152.3000030517578,609981
2022-11-16,148.64999389648438,153.1999969482422,147.64999389648438,151.0,607053
2022-11-17,146.0500030517578,150.4499969482422,145.60000610351562,148.5500030517578,528087
2022-11-18,147.64999389648438,152.25,147.25,147.35000610351562,561945
2022-11-21,145.25,148.39999389648438,144.35000610351562,147.5,428059
2022-11-22,141.3000030517578,147.0,140.0,147.0,478052
2022-11-23,146.14999389648438,147.85000610351562,141.5,142.39999389648438,496347
2022-11-24,147.0500030517578,150.5,143.5,143.5,387242
2022-11-25,154.3000030517578,154.39999389648438,144.9499969482422,147.6999969482422,1571226
2022-11-28,153.64999389648438,159.1999969482422,153.0,154.39999389648438,1218304
2022-11-29,154.14999389648438,158.0,152.10000610351562,154.35000610351562,801793
2022-11-30,157.6999969482422,160.89999389648438,153.10000610351562,155.0,2694941
2022-12-01,156.10000610351562,159.10000610351562,154.85000610351562,157.0,697198
2022-12-02,162.89999389648438,163.75,154.10000610351562,158.0,1604661
2022-12-05,157.89999389648438,164.35000610351562,157.14999389648438,164.35000610351562,945767
2022-12-06,156.39999389648438,160.64999389648438,155.3000030517578,155.5,1088807
2022-12-07,154.1999969482422,157.6999969482422,152.5500030517578,157.5500030517578,651013
2022-12-08,154.0500030517578,156.8000030517578,152.10000610351562,154.1999969482422,596748
2022-12-09,154.75,160.6999969482422,154.10000610351562,155.3000030517578,1378551
2022-12-12,161.8000030517578,162.4499969482422,153.0,155.25,2971065
2022-12-13,157.25,164.0,156.75,164.0,1937271
2022-12-14,156.64999389648438,161.6999969482422,153.14999389648438,155.60000610351562,3110155
2022-12-15,148.89999389648438,155.6999969482422,148.85000610351562,154.0,2178314
2022-12-16,151.10000610351562,154.6999969482422,149.60000610351562,151.89999389648438,1931417
2022-12-19,150.64999389648438,152.9499969482422,149.5,151.6999969482422,646768
2022-12-20,149.8000030517578,152.0,148.1999969482422,151.0,654972
2022-12-21,142.5500030517578,150.8000030517578,142.35000610351562,150.5500030517578,1529900
2022-12-22,135.4499969482422,144.0,135.4499969482422,142.39999389648438,1971677
2022-12-23,128.6999969482422,133.0,128.6999969482422,131.10000610351562,1476930
2022-12-26,128.1999969482422,132.39999389648438,122.30000305175781,125.0,4057278
2022-12-27,134.60000610351562,134.60000610351562,127.4000015258789,129.10000610351562,1939011
2022-12-28,136.5,141.3000030517578,134.35000610351562,134.6999969482422,2098211
2022-12-29,135.8000030517578,137.0500030517578,133.60000610351562,136.5,880834
2022-12-30,137.6999969482422,140.85000610351562,136.5,136.6999969482422,950381
2023-01-02,137.85000610351562,139.89999389648438,136.85000610351562,139.4499969482422,643832
2023-01-03,138.60000610351562,142.3000030517578,137.5,137.6999969482422,788896
2023-01-04,136.4499969482422,140.5,135.0,138.89999389648438,838291
2023-01-05,133.75,137.89999389648438,131.9499969482422,137.8000030517578,1120318
2023-01-06,130.1999969482422,134.5,129.8000030517578,134.39999389648438,1128076
2023-01-09,135.0500030517578,135.8000030517578,131.5,132.5500030517578,820578
2023-01-10,133.0,136.64999389648438,132.6999969482422,136.39999389648438,481501
2023-01-11,134.3000030517578,135.25,132.85000610351562,134.10000610351562,537859
2023-01-12,132.3000030517578,135.60000610351562,131.5,135.10000610351562,727931
2023-01-13,132.64999389648438,134.4499969482422,131.5500030517578,133.0,760923
2023-01-16,139.25,139.25,133.8000030517578,134.14999389648438,716375
2023-01-17,141.3000030517578,145.0,140.25,141.60000610351562,1635698
2023-01-18,139.5,142.85000610351562,139.0,141.89999389648438,718448
2023-01-19,137.5,142.75,137.0,139.25,749354
2023-01-20,136.25,140.3000030517578,135.6999969482422,137.5,1399790
2023-01-23,133.6999969482422,139.0,132.89999389648438,139.0,591735
2023-01-24,132.10000610351562,135.14999389648438,131.75,135.0500030517578,469018
2023-01-25,128.14999389648438,132.89999389648438,127.6500015258789,132.0500030517578,742820
2023-01-27,121.9000015258789,130.39999389648438,121.75,128.0500030517578,1348564
2023-01-30,119.1500015258789,123.80000305175781,117.55000305175781,120.0999984741211,1210695
2023-01-31,125.0999984741211,125.0999984741211,119.3499984741211,121.0,881510
2023-02-01,122.25,130.6999969482422,120.3499984741211,127.0,1374551
2023-02-02,121.30000305175781,125.9000015258789,118.80000305175781,122.05000305175781,1155689
2023-02-03,121.4000015258789,124.5999984741211,115.3499984741211,121.0,1573613
2023-02-06,124.44999694824219,126.5999984741211,119.5,119.69999694824219,1205797
2023-02-07,123.25,126.44999694824219,122.0999984741211,125.0,658418
2023-02-08,123.55000305175781,125.0,122.5,123.9000015258789,608664
2023-02-09,127.30000305175781,129.3000030517578,123.5999984741211,124.44999694824219,1154412
2023-02-10,130.9499969482422,132.0,126.6500015258789,127.19999694824219,858592
2023-02-13,127.55000305175781,134.5,126.5,132.14999389648438,1077274
2023-02-14,123.30000305175781,129.0,122.30000305175781,128.1999969482422,822493
2023-02-15,128.4499969482422,128.89999389648438,122.5,123.9000015258789,1158813
2023-02-16,129.5500030517578,131.64999389648438,128.10000610351562,129.75,657342
2023-02-17,127.05000305175781,131.6999969482422,125.8499984741211,130.9499969482422,1158643
2023-02-20,123.6500015258789,127.69999694824219,122.6500015258789,127.5,1273097
2023-02-21,120.80000305175781,124.55000305175781,120.0,124.19999694824219,763741
2023-02-22,118.55000305175781,120.5999984741211,117.0999984741211,120.44999694824219,1551085
2023-02-23,115.80000305175781,119.0,114.5999984741211,119.0,1110598
2023-02-24,126.94999694824219,127.3499984741211,116.80000305175781,117.94999694824219,3497721
2023-02-27,127.75,136.5,126.0,126.94999694824219,5044701
2023-02-28,130.6999969482422,132.8000030517578,127.0,128.5500030517578,2195389
2023-03-01,135.6999969482422,137.0,131.3000030517578,133.1999969482422,2433488
2023-03-02,135.8000030517578,139.39999389648438,133.75,137.4499969482422,1795917
2023-03-03,143.25,144.60000610351562,135.5,136.8000030517578,3574241
2023-03-06,140.8000030517578,145.8000030517578,139.60000610351562,143.89999389648438,2036128
2023-03-08,153.8000030517578,154.85000610351562,138.9499969482422,140.8000030517578,5066114
2023-03-09,146.35000610351562,155.39999389648438,143.5,153.5,3536669
2023-03-10,147.25,149.39999389648438,142.64999389648438,144.75,3009122
2023-03-13,139.64999389648438,148.1999969482422,138.14999389648438,147.1999969482422,2048610
2023-03-14,144.3000030517578,145.8000030517578,135.75,140.10000610351562,2061427
2023-03-15,146.6999969482422,149.1999969482422,144.5500030517578,146.9499969482422,2242191
2023-03-16,141.25,146.5,140.64999389648438,146.5,1371398
2023-03-17,148.64999389648438,153.0,143.10000610351562,143.10000610351562,10471294
2023-03-20,148.0500030517578,154.6999969482422,144.85000610351562,149.0,4212014
2023-03-21,146.85000610351562,150.60000610351562,145.5,149.0500030517578,1645929
2023-03-22,148.89999389648438,150.39999389648438,146.4499969482422,147.60000610351562,1222728
2023-03-23,148.1999969482422,151.0,147.25,148.64999389648438,1360324
2023-03-24,143.10000610351562,149.35000610351562,142.39999389648438,148.3000030517578,1200721
2023-03-27,142.1999969482422,144.8000030517578,141.60000610351562,144.4499969482422,1050458
2023-03-28,137.5,142.9499969482422,136.5,142.4499969482422,1296373
2023-03-29,141.5500030517578,143.89999389648438,135.75,136.5500030517578,3519899
2023-03-31,144.25,145.64999389648438,142.60000610351562,142.85000610351562,2355256
2023-04-03,146.39999389648438,147.5,145.10000610351562,145.89999389648438,1067769
2023-04-05,151.39999389648438,154.1999969482422,145.5500030517578,146.9499969482422,2718242
2023-04-06,151.39999389648438,155.25,149.89999389648438,151.8000030517578,2207146
2023-04-10,146.8000030517578,152.8000030517578,146.0500030517578,151.89999389648438,1181455
2023-04-11,157.35000610351562,161.25,147.5500030517578,147.9499969482422,7879641
2023-04-12,155.6999969482422,159.6999969482422,155.0500030517578,157.89999389648438,2691319
2023-04-13,165.5500030517578,168.85000610351562,154.4499969482422,155.0,6242789
2023-04-17,162.0,166.0500030517578,160.5500030517578,164.5,2627397
2023-04-18,159.64999389648438,163.0,158.25,161.35000610351562,1991071
2023-04-19,159.1999969482422,164.1999969482422,157.3000030517578,159.0500030517578,2806166
2023-04-20,159.5500030517578,161.4499969482422,158.64999389648438,160.3000030517578,1528868
2023-04-21,159.35000610351562,163.85000610351562,157.3000030517578,160.3000030517578,2658208
2023-04-24,157.85000610351562,161.39999389648438,156.75,160.8000030517578,1107065
2023-04-25,157.89999389648438,160.8000030517578,157.39999389648438,157.9499969482422,1778643
2023-04-26,153.60000610351562,158.64999389648438,153.10000610351562,157.8000030517578,1272409
2023-04-27,160.6999969482422,163.14999389648438,153.1999969482422,154.1999969482422,5213009
2023-04-28,157.5500030517578,163.10000610351562,155.89999389648438,161.6999969482422,1845188
2023-05-02,154.9499969482422,159.4499969482422,154.3000030517578,158.9499969482422,1262838
2023-05-03,153.75,156.8000030517578,150.85000610351562,154.0,1730231
2023-05-04,154.5500030517578,157.8000030517578,153.60000610351562,154.39999389648438,1638221
2023-05-05,153.60000610351562,157.5,152.14999389648438,153.8000030517578,1737610
2023-05-08,152.4499969482422,156.0,151.10000610351562,155.10000610351562,1162009
2023-05-09,150.3000030517578,153.39999389648438,148.4499969482422,151.10000610351562,1732308
2023-05-10,148.8000030517578,151.6999969482422,147.75,150.9499969482422,839843
2023-05-11,147.85000610351562,149.9499969482422,146.5,148.89999389648438,1333676
2023-05-12,146.60000610351562,150.3000030517578,146.0500030517578,147.85000610351562,1121430
2023-05-15,144.14999389648438,147.39999389648438,143.5,146.64999389648438,851364
2023-05-16,140.89999389648438,147.10000610351562,140.5500030517578,143.5,1866964
2023-05-17,137.10000610351562,142.4499969482422,136.39999389648438,141.0,1348528
2023-05-18,135.89999389648438,140.5,135.0,138.35000610351562,2062718
2023-05-19,137.4499969482422,140.39999389648438,131.39999389648438,137.0,3966670
2023-05-22,134.64999389648438,138.75,133.85000610351562,138.3000030517578,1175031
2023-05-23,139.64999389648438,145.8000030517578,133.60000610351562,134.75,5899807
2023-05-24,138.60000610351562,144.0,137.5,139.39999389648438,2155057
2023-05-25,138.89999389648438,145.39999389648438,137.6999969482422,139.35000610351562,4042738
2023-05-26,138.0,142.10000610351562,137.1999969482422,139.60000610351562,2135801
2023-05-29,139.64999389648438,140.89999389648438,138.14999389648438,138.6999969482422,1314674
2023-05-30,138.60000610351562,141.1999969482422,138.0,139.85000610351562,1077704
2023-05-31,134.6999969482422,137.5,132.25,134.35000610351562,3097207
2023-06-01,133.9499969482422,137.1999969482422,133.5,134.60000610351562,1287812
2023-06-02,134.60000610351562,138.5500030517578,134.0,134.9499969482422,1632751
2023-06-05,132.8000030517578,136.4499969482422,132.1999969482422,135.8000030517578,1402403
2023-06-06,132.5,134.10000610351562,131.5,133.6999969482422,1338181
2023-06-07,136.0500030517578,139.0,132.35000610351562,133.5500030517578,4038980
2023-06-08,137.0500030517578,143.1999969482422,136.10000610351562,136.3000030517578,3658660
2023-06-09,137.1999969482422,138.75,135.8000030517578,138.14999389648438,1285143
2023-06-12,139.39999389648438,141.85000610351562,136.89999389648438,137.6999969482422,3495796
2023-06-13,143.85000610351562,146.3000030517578,140.25,140.64999389648438,4669256
2023-06-14,149.9499969482422,152.5,143.0500030517578,144.6999969482422,9256186
2023-06-15,149.4499969482422,153.1999969482422,148.1999969482422,149.85000610351562,4482962
2023-06-16,151.5500030517578,155.25,150.6999969482422,150.75,5272556
2023-06-19,150.75,158.0,150.0,153.5,7330638
2023-06-20,146.5,152.1999969482422,145.35000610351562,151.85000610351562,3101771
2023-06-21,147.75,149.75,145.5500030517578,147.1999969482422,2290641
2023-06-22,145.14999389648438,151.3000030517578,143.5,148.4499969482422,1984324
2023-06-23,143.25,145.60000610351562,142.4499969482422,145.60000610351562,1338543
2023-06-26,140.1999969482422,144.5,138.85000610351562,144.1999969482422,2027061
2023-06-27,141.25,143.25,140.0500030517578,141.39999389648438,1806735
2023-06-28,138.9499969482422,143.5,138.0,142.60000610351562,1382211
2023-06-30,138.25,140.8000030517578,138.0,140.1999969482422,902086
2023-07-03,139.64999389648438,141.60000610351562,137.5,139.35000610351562,1737640
2023-07-04,137.10000610351562,141.0,136.6999969482422,140.5,1898039
2023-07-05,138.5,144.39999389648438,137.25,137.85000610351562,4172153
2023-07-06,138.75,141.39999389648438,137.9499969482422,138.89999389648438,2518600
2023-07-07,138.60000610351562,140.5,136.75,139.0,1947768
2023-07-10,135.64999389648438,139.3000030517578,135.0500030517578,139.0,1026548
2023-07-11,136.8000030517578,141.39999389648438,136.25,136.8000030517578,2428051
2023-07-12,137.5500030517578,139.89999389648438,136.8000030517578,137.8000030517578,1804658
2023-07-13,136.4499969482422,139.0500030517578,135.25,138.35000610351562,1488533
2023-07-14,136.14999389648438,137.10000610351562,135.35000610351562,136.5,979555
2023-07-17,135.0,137.25,134.75,137.0,1335796
2023-07-18,141.6999969482422,147.25,135.39999389648438,135.5,11131931
2023-07-19,154.85000610351562,157.1999969482422,140.0500030517578,142.39999389648438,20736740
2023-07-20,162.39999389648438,168.0,155.64999389648438,156.0,20549015
2023-07-21,163.0500030517578,170.39999389648438,159.10000610351562,161.75,14936694
2023-07-24,162.60000610351562,168.14999389648438,161.60000610351562,164.3000030517578,4916533
2023-07-25,175.1999969482422,176.39999389648438,160.89999389648438,163.6999969482422,10417687
2023-07-26,170.9499969482422,178.3000030517578,168.89999389648438,176.0500030517578,5082488
2023-07-27,178.60000610351562,181.0,172.10000610351562,172.25,7958641
2023-07-28,184.85000610351562,186.3000030517578,176.64999389648438,180.0,8727529
2023-07-31,188.85000610351562,190.89999389648438,183.10000610351562,184.64999389648438,5919563
2023-08-01,183.8000030517578,188.5500030517578,180.5,187.0,4465638
2023-08-02,181.1999969482422,186.25,175.5,182.75,5858830
2023-08-03,187.0500030517578,188.5500030517578,178.0,182.0,6903355
2023-08-04,199.14999389648438,201.39999389648438,188.14999389648438,189.0,11508329
2023-08-07,210.0500030517578,215.5,201.9499969482422,201.9499969482422,14483972
2023-08-08,194.6999969482422,210.39999389648438,192.89999389648438,210.39999389648438,5459480
2023-08-09,191.4499969482422,196.10000610351562,186.0,192.5,5273173
2023-08-10,175.85000610351562,194.0,172.5,192.5,6112980
2023-08-11,170.0,180.0,166.75,176.85000610351562,7128853
2023-08-14,166.9499969482422,173.5,158.5500030517578,172.14999389648438,5558047
2023-08-16,163.0,169.8000030517578,158.60000610351562,158.60000610351562,3423850
2023-08-17,158.0500030517578,165.25,156.0,163.89999389648438,1262642
2023-08-18,160.60000610351562,162.89999389648438,155.64999389648438,158.5,1110326
2023-08-21,162.35000610351562,163.5500030517578,160.75,162.39999389648438,990768
2023-08-22,170.4499969482422,170.4499969482422,162.35000610351562,164.0,1399967
2023-08-23,178.9499969482422,178.9499969482422,173.0,174.5,2380033
2023-08-24,177.3000030517578,186.89999389648438,173.10000610351562,183.0,1973701
2023-08-25,177.25,182.39999389648438,172.5500030517578,178.0,1091357
2023-08-28,177.89999389648438,180.8000030517578,172.1999969482422,177.14999389648438,783221
2023-08-29,184.5,185.25,175.25,178.39999389648438,1399396
2023-08-30,188.0500030517578,190.39999389648438,185.39999389648438,189.0,1215406
2023-08-31,186.75,190.39999389648438,182.14999389648438,189.85000610351562,1061013
2023-09-01,186.89999389648438,189.10000610351562,185.1999969482422,187.89999389648438,784303
2023-09-04,192.89999389648438,195.5,181.5,187.89999389648438,1545483
2023-09-05,190.8000030517578,194.0,188.0,194.0,959876
2023-09-06,190.39999389648438,196.1999969482422,188.5,192.85000610351562,1343663
2023-09-07,189.8000030517578,193.0500030517578,187.25,191.0,807043
2023-09-08,186.5,192.25,185.5,191.8000030517578,700187
2023-09-11,182.85000610351562,189.0,182.10000610351562,188.25,521841
2023-09-12,173.6999969482422,184.89999389648438,173.6999969482422,184.6999969482422,889075
2023-09-13,172.64999389648438,178.89999389648438,165.60000610351562,172.85000610351562,1684531
2023-09-14,175.3000030517578,180.25,173.9499969482422,173.9499969482422,684115
2023-09-15,183.75,184.0500030517578,172.5,176.0,2380175
2023-09-18,177.85000610351562,184.39999389648438,176.0,183.0,1012877
2023-09-20,173.6999969482422,179.89999389648438,172.5,177.8000030517578,699500
2023-09-21,175.14999389648438,178.0,174.1999969482422,174.6999969482422,472725
2023-09-22,175.75,178.0,173.10000610351562,174.10000610351562,876804
2023-09-25,173.5500030517578,177.25,172.10000610351562,176.0,349052
2023-09-26,171.0,175.6999969482422,169.10000610351562,173.0,558182
2023-09-27,172.64999389648438,176.0,171.0,171.0,487299
2023-09-28,170.89999389648438,176.0,170.4499969482422,172.64999389648438,714012
2023-09-29,173.3000030517578,175.0,172.14999389648438,172.8000030517578,280132
2023-10-03,174.35000610351562,176.8000030517578,173.0,174.89999389648438,547212
2023-10-04,170.39999389648438,175.0,168.14999389648438,173.10000610351562,443026
2023-10-05,172.1999969482422,173.89999389648438,167.64999389648438,172.5,931663
2023-10-06,171.64999389648438,174.0,170.6999969482422,172.5,228832
2023-10-09,171.25,172.39999389648438,166.0500030517578,171.64999389648438,666861
2023-10-10,170.85000610351562,173.0,169.0,170.64999389648438,559703
2023-10-11,170.5,173.1999969482422,170.0,171.89999389648438,896546
2023-10-12,169.35000610351562,171.75,168.89999389648438,170.1999969482422,395108
2023-10-13,167.9499969482422,170.25,167.0,168.0,611475
2023-10-16,170.75,171.85000610351562,166.0,168.0500030517578,458858
2023-10-17,172.35000610351562,173.25,170.0,172.8000030517578,616338
2023-10-18,169.1999969482422,173.8000030517578,167.75,173.0,743977
2023-10-19,174.85000610351562,175.5,166.5,168.5500030517578,805054
2023-10-20,178.64999389648438,181.3000030517578,172.39999389648438,173.9499969482422,1233535
2023-10-23,169.75,179.6999969482422,169.75,178.64999389648438,678357
2023-10-25,162.3000030517578,170.60000610351562,161.3000030517578,168.0,1303783
2023-10-26,159.0500030517578,159.89999389648438,154.75,159.89999389648438,1132945
2023-10-27,162.9499969482422,164.6999969482422,159.0,159.0,558125
2023-10-30,168.0,169.8000030517578,160.9499969482422,163.10000610351562,604355
2023-10-31,169.25,171.0,165.5,168.75,473285
2023-11-01,172.25,174.75,169.25,169.25,731035
2023-11-02,176.9499969482422,178.0,172.1999969482422,174.8000030517578,1092339
2023-11-03,180.1999969482422,181.5,172.85000610351562,177.0,1743275
2023-11-06,183.35000610351562,186.0,179.0,181.8000030517578,1351784
2023-11-07,185.5500030517578,187.0,181.1999969482422,184.4499969482422,1961112
2023-11-08,179.10000610351562,185.85000610351562,177.10000610351562,185.5,1789042
2023-11-09,178.10000610351562,184.35000610351562,177.3000030517578,179.89999389648438,1586733
2023-11-10,177.3000030517578,180.0,175.25,176.0,897958
2023-11-13,181.14999389648438,183.60000610351562,177.5500030517578,178.25,1682042
2023-11-15,181.75,184.89999389648438,180.35000610351562,183.1999969482422,1402167
2023-11-16,182.1999969482422,186.64999389648438,181.10000610351562,182.60000610351562,1419754
2023-11-17,186.0,190.3000030517578,181.25,181.25,3928483
2023-11-20,182.75,187.39999389648438,182.10000610351562,187.39999389648438,846969
2023-11-21,179.5500030517578,184.1999969482422,179.0,183.5,656054
2023-11-22,174.85000610351562,180.0,172.8000030517578,179.89999389648438,1299365
2023-11-23,174.25,178.60000610351562,173.85000610351562,175.0,1120005
2023-11-24,173.4499969482422,176.8000030517578,171.6999969482422,175.0,842250
2023-11-28,177.89999389648438,182.0500030517578,172.35000610351562,172.75,1941844
2023-11-29,186.75,186.75,177.89999389648438,178.6999969482422,2158403
2023-11-30,189.75,192.39999389648438,181.25,186.5,4124262
2023-12-01,194.0500030517578,196.39999389648438,191.0,192.0500030517578,3613619
2023-12-04,192.6999969482422,198.6999969482422,192.14999389648438,197.9499969482422,2270086
2023-12-05,202.3000030517578,202.3000030517578,190.14999389648438,193.0,6228137
2023-12-06,212.39999389648438,212.39999389648438,203.64999389648438,205.0,4262296
2023-12-07,220.5,232.0,208.25,217.39999389648438,9648348
2023-12-08,214.75,225.4499969482422,210.0500030517578,221.0,4351456
2023-12-11,218.6999969482422,224.9499969482422,215.1999969482422,216.39999389648438,2850295
2023-12-12,211.64999389648438,220.89999389648438,210.0,219.25,2679626
2023-12-13,215.8000030517578,217.89999389648438,211.9499969482422,211.9499969482422,1861892
2023-12-14,214.60000610351562,218.8000030517578,212.8000030517578,217.0,1768225
2023-12-15,209.75,217.75,207.5,214.5,2171676
2023-12-18,213.4499969482422,217.60000610351562,208.8000030517578,210.0,2018455
2023-12-19,209.64999389648438,217.1999969482422,208.5500030517578,214.3000030517578,1732170
2023-12-20,190.8000030517578,211.9499969482422,189.25,210.6999969482422,3654955
2023-12-21,193.39999389648438,194.8000030517578,185.5500030517578,189.0,3266166
2023-12-22,193.0500030517578,198.0,190.0,196.39999389648438,1516429
2023-12-26,196.75,199.9499969482422,191.64999389648438,195.6999969482422,1994187
2023-12-27,194.6999969482422,200.89999389648438,193.89999389648438,197.9499969482422,1487132
2023-12-28,190.8000030517578,196.0,190.10000610351562,196.0,1252849
2023-12-29,209.8000030517578,209.85000610351562,190.5,190.5,8029326
2024-01-01,211.8000030517578,216.3000030517578,209.8000030517578,211.0,4870790
2024-01-02,207.9499969482422,213.39999389648438,203.25,212.4499969482422,2939918
2024-01-03,215.14999389648438,228.5,206.1999969482422,207.9499969482422,8927543
2024-01-04,231.5500030517578,234.60000610351562,217.1999969482422,218.0,9664953
2024-01-05,229.60000610351562,235.0,227.0,233.0,5627466
2024-01-08,241.0,247.0,229.3000030517578,231.0,8677503
2024-01-09,236.85000610351562,248.4499969482422,235.35000610351562,243.5,4104065
2024-01-10,237.4499969482422,242.9499969482422,233.5500030517578,240.35000610351562,3617741
2024-01-11,239.89999389648438,245.9499969482422,237.8000030517578,241.5,3326599
2024-01-12,238.4499969482422,242.3000030517578,236.5,241.8000030517578,2587357
2024-01-15,232.64999389648438,239.89999389648438,229.5,239.89999389648438,2407923
2024-01-16,221.89999389648438,235.9499969482422,218.75,232.0,3336614
2024-01-17,217.3000030517578,224.0,214.89999389648438,218.39999389648438,2533215
2024-01-18,218.89999389648438,222.0,210.25,217.10000610351562,2874907
2024-01-19,216.75,221.85000610351562,214.60000610351562,220.85000610351562,1728119
2024-01-23,208.35000610351562,223.85000610351562,206.85000610351562,222.64999389648438,2266229
2024-01-24,213.39999389648438,215.0,205.10000610351562,208.35000610351562,1657104
2024-01-25,215.25,217.89999389648438,212.4499969482422,213.64999389648438,1654540
2024-01-29,227.9499969482422,233.89999389648438,219.0,219.9499969482422,4470833
2024-01-30,231.5500030517578,235.9499969482422,226.5,230.25,3034343
2024-01-31,231.0500030517578,235.0,229.89999389648438,230.0,1738443
2024-02-01,224.60000610351562,233.4499969482422,223.64999389648438,233.4499969482422,1421430
2024-02-02,221.9499969482422,226.14999389648438,219.6999969482422,225.89999389648438,1664169
2024-02-05,214.5,222.1999969482422,213.5,221.9499969482422,1621173
2024-02-06,214.9499969482422,216.0,212.10000610351562,215.10000610351562,1274550
2024-02-07,216.4499969482422,223.5500030517578,214.60000610351562,223.0,3399781
2024-02-08,213.4499969482422,222.3000030517578,211.0,217.4499969482422,3543816
2024-02-09,213.0,215.89999389648438,205.4499969482422,215.0,2218438
2024-02-12,202.25,215.0500030517578,200.1999969482422,210.0,2864504
2024-02-13,210.14999389648438,213.8000030517578,194.0,201.25,4079730
2024-02-14,229.14999389648438,239.0,207.14999389648438,208.10000610351562,11078807
2024-02-15,234.35000610351562,242.5,228.0,233.85000610351562,5707274
2024-02-16,225.25,235.5,224.5500030517578,232.0,2330496
2024-02-19,242.85000610351562,251.6999969482422,225.3000030517578,229.89999389648438,9256160
2024-02-20,241.1999969482422,247.9499969482422,236.75,244.0,3830545
2024-02-21,233.0,245.25,231.14999389648438,243.3000030517578,3182462
2024-02-22,229.4499969482422,234.0,225.9499969482422,234.0,2215603
2024-02-23,228.5,238.6999969482422,227.1999969482422,230.39999389648438,3307602
2024-02-26,228.5500030517578,236.8000030517578,227.5,228.39999389648438,2539848
2024-02-27,220.5500030517578,230.39999389648438,219.14999389648438,228.0,1876036
2024-02-28,212.10000610351562,222.0,209.5500030517578,222.0,3714038
2024-02-29,220.89999389648438,223.35000610351562,209.8000030517578,212.0,4001150
2024-03-01,223.25,226.8000030517578,220.6999969482422,221.4499969482422,1896361
2024-03-04,228.75,233.8000030517578,223.10000610351562,226.0,2169830
2024-03-05,226.6999969482422,230.1999969482422,225.1999969482422,228.60000610351562,1393751
2024-03-06,218.35000610351562,226.85000610351562,214.0500030517578,226.0,2921978
2024-03-07,221.1999969482422,224.89999389648438,215.89999389648438,218.0,2304713
2024-03-11,223.64999389648438,231.5500030517578,221.0,222.64999389648438,2615747
2024-03-12,217.5500030517578,230.9499969482422,212.1999969482422,225.89999389648438,3691556
2024-03-13,186.89999389648438,220.60000610351562,181.60000610351562,218.5,6051584
2024-03-14,214.25,216.5,187.35000610351562,191.0,5701903
2024-03-15,237.5,243.6999969482422,206.25,212.0,11627633
2024-03-18,255.9499969482422,263.95001220703125,236.35000610351562,240.6999969482422,23868902
2024-03-19,239.8000030517578,256.6000061035156,236.1999969482422,251.75,8759619
2024-03-20,249.3000030517578,253.39999389648438,237.35000610351562,242.0,12052192
2024-03-21,271.20001220703125,275.8500061035156,251.5,254.89999389648438,14877201
2024-03-22,277.3500061035156,286.6499938964844,272.79998779296875,277.0,13000530
2024-03-26,273.70001220703125,287.70001220703125,271.5,276.8999938964844,6041226
2024-03-27,266.95001220703125,278.0,264.5,275.70001220703125,3482355
2024-03-28,270.95001220703125,274.5,266.25,269.0,2272474
2024-04-01,268.6499938964844,277.6000061035156,266.95001220703125,274.25,4248823
2024-04-02,289.79998779296875,294.0,265.3500061035156,269.54998779296875,7851463
2024-04-03,291.79998779296875,298.5,286.1000061035156,289.5,6516978
2024-04-04,295.0,308.0,292.29998779296875,294.29998779296875,9110520
2024-04-05,298.8999938964844,301.70001220703125,285.1499938964844,290.1000061035156,5986099
2024-04-08,287.6000061035156,302.70001220703125,287.0,301.0,3536629
2024-04-09,284.5,293.04998779296875,279.29998779296875,287.95001220703125,2263735
2024-04-10,227.60000610351562,287.29998779296875,227.60000610351562,286.6499938964844,16899750
2024-04-12,197.75,208.6999969482422,182.10000610351562,182.10000610351562,42171052
2024-04-15,199.9499969482422,206.0,189.39999389648438,195.0,13182706
2024-04-16,194.1999969482422,204.0,192.3000030517578,197.89999389648438,5149489
2024-04-18,194.6999969482422,200.5,193.0,197.6999969482422,3209227
2024-04-19,188.75,192.9499969482422,185.1999969482422,192.6999969482422,3422493
2024-04-22,195.25,199.5500030517578,192.8000030517578,198.0,3930990
2024-04-23,192.9499969482422,198.64999389648438,191.5,197.39999389648438,2318679
2024-04-24,191.6999969482422,197.89999389648438,189.10000610351562,194.64999389648438,4080861
2024-04-25,192.64999389648438,196.75,189.4499969482422,190.0,2893721
2024-04-26,190.89999389648438,195.0,190.14999389648438,194.6999969482422,1928007
2024-04-29,185.8000030517578,194.0,185.0,193.25,2202459
2024-04-30,177.89999389648438,190.35000610351562,176.3000030517578,187.0,4020285
2024-05-02,175.4499969482422,179.89999389648438,174.1999969482422,179.75,2503944
2024-05-03,176.1999969482422,179.39999389648438,170.5,176.89999389648438,3397162
2024-05-06,166.5500030517578,179.5500030517578,165.5,178.39999389648438,4516990
2024-05-07,170.75,177.64999389648438,166.8000030517578,167.39999389648438,5029323
2024-05-08,166.8000030517578,171.5500030517578,165.39999389648438,171.0,2524058
2024-05-09,161.1999969482422,168.6999969482422,160.0,166.0,3162156
2024-05-10,162.9499969482422,165.39999389648438,157.4499969482422,162.5,2355315
2024-05-13,164.6999969482422,166.39999389648438,157.9499969482422,163.5,4259464
2024-05-14,171.4499969482422,172.89999389648438,164.25,165.89999389648438,3280743
2024-05-15,171.60000610351562,174.6999969482422,170.60000610351562,172.5,2020823
2024-05-16,172.35000610351562,174.8000030517578,171.1999969482422,172.5,2038500
2024-05-17,170.10000610351562,173.60000610351562,169.10000610351562,172.9499969482422,1290797
2024-05-21,167.85000610351562,173.14999389648438,167.0,171.0,1759162
2024-05-22,167.35000610351562,171.64999389648438,163.0,167.9499969482422,2262465
2024-05-23,166.0500030517578,169.3000030517578,165.0,168.0,1716460
2024-05-24,171.14999389648438,177.6999969482422,165.10000610351562,166.6999969482422,4505438
2024-05-27,170.0,174.64999389648438,169.0,171.8000030517578,2277701
2024-05-28,168.89999389648438,173.8000030517578,167.75,171.5,2533070
2024-05-29,170.5,172.9499969482422,167.39999389648438,168.0,1471035
2024-05-30,167.10000610351562,171.75,166.5,170.5,1159365
2024-05-31,166.35000610351562,169.8000030517578,162.8000030517578,169.14999389648438,1934832
2024-06-03,173.25,179.9499969482422,165.0,179.0,2948747
2024-06-04,155.9499969482422,172.5,155.9499969482422,172.5,3670554
2024-06-05,149.9499969482422,158.9499969482422,144.4499969482422,158.9499969482422,4300375
2024-06-06,157.64999389648438,162.0,152.0,155.9499969482422,2891532
2024-06-07,167.8000030517578,169.14999389648438,158.60000610351562,159.89999389648438,4611123
2024-06-10,185.5399932861328,192.07000732421875,173.75,175.0,15850843
2024-06-11,189.3000030517578,192.2899932861328,186.3000030517578,188.5,8021216
2024-06-12,190.3000030517578,196.49000549316406,187.1999969482422,190.1999969482422,10187557
2024-06-13,203.14999389648438,204.6999969482422,192.0,194.0,12730373
2024-06-14,208.97999572753906,214.0,201.10000610351562,204.4499969482422,14297358
2024-06-18,211.02999877929688,213.3000030517578,207.60000610351562,210.89999389648438,5750817
2024-06-19,209.82000732421875,216.0,203.55999755859375,212.0,7890324
2024-06-20,213.25,214.8000030517578,207.49000549316406,208.41000366210938,5001212
2024-06-21,214.8000030517578,218.89999389648438,209.97999572753906,211.2100067138672,8797504
2024-06-24,213.3699951171875,219.39999389648438,212.25,214.9499969482422,3617039
2024-06-25,208.39999389648438,215.4499969482422,206.35000610351562,213.5,3262637
2024-06-26,205.41000366210938,211.69000244140625,203.60000610351562,209.24000549316406,2302946
2024-06-27,197.69000244140625,208.39999389648438,194.89999389648438,205.5500030517578,4249020
2024-06-28,199.92999267578125,207.39999389648438,198.39999389648438,200.0,3355098
2024-07-01,188.92999267578125,194.85000610351562,186.02000427246094,190.0,7038002
2024-07-02,187.5500030517578,192.0,187.0,191.07000732421875,2972657
2024-07-03,185.74000549316406,189.67999267578125,185.0,188.89999389648438,2710041
2024-07-04,186.9600067138672,190.6999969482422,185.94000244140625,186.89999389648438,2977663
2024-07-05,199.13999938964844,206.8000030517578,185.13999938964844,187.89999389648438,11536346
2024-07-08,199.91000366210938,203.0,196.11000061035156,201.0,5156874
2024-07-09,196.5800018310547,201.39999389648438,195.61000061035156,200.9499969482422,1882558
2024-07-10,189.0,197.5,186.89999389648438,197.39999389648438,3595272
2024-07-11,191.9199981689453,194.7100067138672,190.7899932861328,190.89999389648438,2748761
2024-07-12,190.60000610351562,193.5500030517578,187.0,192.85000610351562,2519326
2024-07-15,194.38999938964844,196.0,187.92999267578125,190.1999969482422,4279101
2024-07-16,189.5800018310547,195.4600067138672,189.0500030517578,193.10000610351562,1916423
2024-07-18,188.0,191.75,186.0,189.5800018310547,2127735
2024-07-19,181.74000549316406,189.3000030517578,181.0500030517578,189.3000030517578,2197896
2024-07-22,177.75999450683594,181.0,176.36000061035156,181.0,2040413
2024-07-23,175.1699981689453,179.49000549316406,169.50999450683594,179.49000549316406,2517241
2024-07-24,184.38999938964844,186.99000549316406,174.60000610351562,176.0,3227069
2024-07-25,191.77999877929688,194.3000030517578,179.25,182.0,4506327
2024-07-26,190.36000061035156,195.8800048828125,190.0,194.0,2448322
2024-07-29,199.3699951171875,200.6999969482422,191.74000549316406,192.99000549316406,7740488
2024-07-30,201.25999450683594,205.60000610351562,196.60000610351562,200.10000610351562,4992829
2024-07-31,207.1699981689453,209.8000030517578,199.2899932861328,203.4499969482422,7555013
2024-08-01,214.44000244140625,224.7899932861328,207.49000549316406,209.17999267578125,16900302
2024-08-02,215.72000122070312,219.4499969482422,209.6300048828125,210.0,8524605
2024-08-05,195.3300018310547,212.6300048828125,193.5,208.0,10633749
2024-08-06,191.88999938964844,205.27999877929688,190.10000610351562,200.10000610351562,6593925
2024-08-07,214.0500030517578,216.3000030517578,192.99000549316406,194.10000610351562,10272546
2024-08-08,208.1999969482422,218.8000030517578,207.0,215.82000732421875,6583869
2024-08-09,230.02000427246094,232.00999450683594,209.6999969482422,213.0,18906610
2024-08-12,226.05999755859375,232.6999969482422,225.0,231.0,10461561
2024-08-13,222.8699951171875,237.66000366210938,220.44000244140625,227.39999389648438,11534194
2024-08-14,220.27999877929688,225.0,213.1999969482422,224.99000549316406,7639592
2024-08-16,217.97000122070312,226.0,214.6999969482422,226.0,7765975
2024-08-19,225.7100067138672,229.6999969482422,217.47999572753906,219.8000030517578,8155742
2024-08-20,238.44000244140625,247.3000030517578,226.10000610351562,227.89999389648438,19152844
2024-08-21,243.10000610351562,247.25,238.44000244140625,240.0,9282416
2024-08-22,235.7100067138672,245.89999389648438,232.5,245.0,10450574
2024-08-23,211.75999450683594,243.63999938964844,201.99000549316406,237.49000549316406,49956927
2024-08-26,206.75,215.89999389648438,205.5,214.0,13750027
2024-08-27,207.7899932861328,211.22999572753906,206.0,208.6300048828125,5588588
2024-08-28,213.5,218.52999877929688,210.3000030517578,212.89999389648438,11694157
2024-08-29,212.25,214.8000030517578,203.61000061035156,214.5,9059262
2024-08-30,209.2100067138672,215.9600067138672,207.3000030517578,214.0,6413883
2024-09-02,204.75,210.0,202.14999389648438,209.00999450683594,4683441
2024-09-03,197.97999572753906,206.74000549316406,196.85000610351562,205.89999389648438,3688157
2024-09-04,212.16000366210938,213.6999969482422,195.0,196.0,12139301
2024-09-05,209.97000122070312,217.6999969482422,208.25,213.89999389648438,7286176
2024-09-06,213.4499969482422,216.97000122070312,205.39999389648438,210.0,9005951
2024-09-09,211.75,214.0,204.5,212.0,6559298
2024-09-10,216.97000122070312,222.8000030517578,212.60000610351562,214.0,8769665
2024-09-11,210.97999572753906,218.39999389648438,210.22000122070312,217.89999389648438,4361768
2024-09-12,213.4499969482422,216.0,208.52999877929688,212.5,3577091
2024-09-13,212.57000732421875,215.94000244140625,211.7100067138672,213.3699951171875,2059427
2024-09-16,216.0500030517578,223.39999389648438,212.00999450683594,215.0,9200981
2024-09-17,235.61000061035156,238.0,218.0,218.5500030517578,21723077
2024-09-18,282.7300109863281,282.7300109863281,239.36000061035156,244.0,52200056
2024-09-19,284.8900146484375,304.0,272.3299865722656,294.0,55952528
2024-09-20,316.2900085449219,327.70001220703125,281.80999755859375,284.6499938964844,56875659
2024-09-23,329.5299987792969,335.29998779296875,310.010009765625,319.3999938964844,24386427
2024-09-24,337.0400085449219,351.0,326.6300048828125,331.0,31606857
2024-09-25,335.1600036621094,346.3999938964844,325.1000061035156,337.54998779296875,19390430
2024-09-26,328.7900085449219,338.20001220703125,326.0,326.0,11015248
2024-09-27,322.95001220703125,335.0,317.1499938964844,332.1000061035156,12302274
2024-09-30,336.1300048828125,345.3999938964844,324.3500061035156,329.8999938964844,22244974
2024-10-01,332.0,342.0,328.29998779296875,339.70001220703125,11112275
2024-10-03,326.70001220703125,345.70001220703125,324.1000061035156,333.0,10512072
2024-10-04,301.1499938964844,327.75,296.6499938964844,324.79998779296875,11602213
2024-10-07,288.25,310.0,285.29998779296875,305.95001220703125,11141091
2024-10-08,299.5,302.6499938964844,279.5,284.0,1896350
2024-10-09,300.3999938964844,312.0,297.8999938964844,305.0,3138984
2024-10-10,294.04998779296875,304.5,290.04998779296875,303.0,3130684
2024-10-11,284.6499938964844,296.3999938964844,279.3500061035156,293.0,1409516
2024-10-14,289.3999938964844,297.75,286.0,286.04998779296875,1709629
2024-10-15,287.29998779296875,296.0,284.0,294.0,1640900
2024-10-16,291.45001220703125,295.0,285.0,287.6000061035156,1198262
2024-10-17,277.95001220703125,293.79998779296875,276.8999938964844,293.0,1465038
2024-10-18,281.25,284.6000061035156,266.1499938964844,274.6499938964844,1103558
2024-10-21,267.95001220703125,285.0,267.20001220703125,283.79998779296875,1676960
2024-10-22,254.5500030517578,269.5,254.5500030517578,269.29998779296875,1636568
2024-10-23,267.25,267.25,252.5,252.5,1897595
2024-10-24,280.6000061035156,280.6000061035156,270.04998779296875,271.6000061035156,1311192
2024-10-25,277.3999938964844,294.6000061035156,267.0,294.6000061035156,3029767
2024-10-28,274.45001220703125,286.0,272.0,278.0,1145555
2024-10-29,273.6000061035156,276.3999938964844,266.0,274.1000061035156,575465
2024-10-30,278.95001220703125,284.8999938964844,270.1499938964844,273.5,963818
2024-10-31,280.5,284.0,276.1000061035156,281.45001220703125,639647
2024-11-01,291.04998779296875,293.29998779296875,282.6499938964844,285.0,1060564
2024-11-04,296.6000061035156,300.0,280.20001220703125,289.8999938964844,2312848
2024-11-05,294.25,299.95001220703125,292.20001220703125,299.95001220703125,1309289
2024-11-06,303.3500061035156,308.8999938964844,292.3999938964844,297.8999938964844,2938268
2024-11-07,288.25,304.3999938964844,288.20001220703125,302.0,2522034
2024-11-08,274.29998779296875,282.0,273.8500061035156,273.8500061035156,2237066
2024-11-11,260.6000061035156,275.0,260.6000061035156,267.1499938964844,1367290
2024-11-12,262.8500061035156,273.6000061035156,260.45001220703125,262.0,1550499
2024-11-13,249.6999969482422,268.20001220703125,249.6999969482422,264.0,1483563
2024-11-14,258.79998779296875,261.79998779296875,249.0,249.0,942597
2024-11-18,254.14999389648438,269.70001220703125,252.5500030517578,267.0,925304
2024-11-19,257.5,266.5,255.0,258.0,837880
2024-11-21,248.60000610351562,256.25,244.89999389648438,256.25,922944
2024-11-22,257.6499938964844,259.6000061035156,246.0,249.89999389648438,680118
2024-11-25,258.8500061035156,270.5,255.14999389648438,267.29998779296875,1853319
2024-11-26,271.75,271.75,252.75,257.6000061035156,1431121
2024-11-27,275.6499938964844,281.5,267.29998779296875,272.0,2010955
2024-11-28,279.29998779296875,281.79998779296875,270.5,278.0,999738
2024-11-29,279.1000061035156,282.70001220703125,272.25,280.0,1218694
2024-12-02,274.04998779296875,279.1000061035156,272.75,278.75,719029
2024-12-03,281.3999938964844,285.6000061035156,274.3500061035156,275.6499938964844,1195028
2024-12-04,295.45001220703125,295.45001220703125,282.75,289.8999938964844,3070598
2024-12-05,302.1499938964844,303.45001220703125,293.20001220703125,297.0,1749784
2024-12-06,303.25,308.0,295.0,303.29998779296875,1262832
2024-12-09,298.3500061035156,307.0,292.75,306.79998779296875,822373
2024-12-10,304.8500061035156,306.8999938964844,297.0,303.8999938964844,2017435
2024-12-11,293.3999938964844,307.0,290.54998779296875,305.0,988510
2024-12-12,294.75,304.70001220703125,292.0,292.0,717922
2024-12-13,294.70001220703125,298.70001220703125,282.75,294.5,847725
2024-12-16,291.95001220703125,299.79998779296875,291.0,295.0,871343
2024-12-17,286.70001220703125,295.70001220703125,284.1000061035156,292.6000061035156,1558977
2024-12-18,278.6499938964844,292.0,275.6000061035156,288.79998779296875,737463
2024-12-19,292.54998779296875,292.54998779296875,268.70001220703125,273.0,1180588
2024-12-20,290.29998779296875,305.0,287.54998779296875,295.3999938964844,1587529
2024-12-23,289.0,294.75,283.1000061035156,290.8999938964844,806120
2024-12-24,302.29998779296875,303.45001220703125,288.0,289.0,1438059
2024-12-26,302.1499938964844,308.0,301.1499938964844,301.20001220703125,857816
2024-12-27,298.95001220703125,310.0,298.0,308.0,963989
2024-12-30,297.04998779296875,299.8500061035156,290.5,298.0,754482
2024-12-31,304.1499938964844,306.70001220703125,292.20001220703125,294.04998779296875,2233861
